Date,Mode,Category,Subcategory,Note,Amount,Income/Expense,Currency
20/09/2018 12:04:08,Cash,Transportation,Train,2 Place 5 to Place 0,30,Expense,INR
20/09/2018 12:03:15,Cash,Food,snacks,Idli medu Vada mix 2 plates,60,Expense,INR
19/09/2018,Saving Bank account 1,subscription,Netflix,1 month subscription,199,Expense,INR
17/09/2018 23:41:17,Saving Bank account 1,subscription,Mobile Service Provider,Data booster pack,19,Expense,INR
16/09/2018 17:15:08,Cash,Festivals,Ganesh Pujan,Ganesh idol,251,Expense,INR
15/09/2018 06:34:17,Credit Card,subscription,Tata Sky,Permanent Residence - Tata Play recharge,200,Expense,INR
14/09/2018 05:39:17,Cash,Transportation,auto,Place 2 station to Permanent Residence,50,Expense,INR
13/09/2018 21:35:15,Saving Bank account 1,Transportation,Train,2 Place 0 to Place 3,40,Expense,INR
13/09/2018 21:01:47,Credit Card,Other,,HBR 2 Months subscription,83,Expense,INR
13/09/2018 21:01:32,Cash,Food,Grocery,1kg atta,46,Expense,INR
13/09/2018,Saving Bank account 1,Small Cap fund 2,,,5000,Transfer-Out,INR
13/09/2018,Saving Bank account 1,Small cap fund 1,,,5000,Transfer-Out,INR
12/9/2018,Credit Card,subscription,Mobile Service Provider,Data booster pack,667,Expense,INR
11/9/2018,Saving Bank account 1,Food,Lunch,Home Food Delivery,650,Expense,INR
11/9/2018,Saving Bank account 1,Other,,From Family,3500,Income,INR
11/9/2018,Cash,Food,Milk,Half lit  milk,36,Expense,INR
10/9/2018,Cash,Food,Milk,Half lit  milk,36,Expense,INR
8/9/2018,Cash,Family,Pocket money,,40,Expense,INR
7/9/2018,Cash,Food,Milk,Half lit  milk,37,Expense,INR
7/9/2018,Saving Bank account 1,Equity Mutual Fund E,,,1000,Transfer-Out,INR
6/9/2018,Cash,Food,snacks,Amul butter,55,Expense,INR
5/9/2018,Cash,Apparel,Laundry,11 clothes ironing,77,Expense,INR
5/9/2018,Cash,Food,snacks,Chinese Bhel,30,Expense,INR
5/9/2018,Cash,Food,snacks,Shev Puri,40,Expense,INR
5/9/2018,Cash,Food,snacks,2 kachori,24,Expense,INR
5/9/2018,Saving Bank account 1,Food,Milk,Half lit  milk,36,Expense,INR
5/9/2018,Saving Bank account 1,Food,breakfast,Bread,18,Expense,INR
3/9/2018,Cash,Family,Pocket money,,2000,Expense,INR
1/9/2018,Saving Bank account 1,Public Provident Fund,,,12500,Transfer-Out,INR
1/9/2018,Equity Mutual Fund B,Saving Bank account 1,,,2000,Transfer-Out,INR
31/08/2018 15:12:20,Cash,Family,Pocket money,,1000,Expense,INR
31/08/2018 15:12:20,Cash,Gift,,farewell contribution,118,Expense,INR
31/08/2018 10:01:15,Credit Card,Food,Dinner,Domino's Pizza,510.85,Expense,INR
31/08/2018 09:27:28,Saving Bank account 1,Salary,,From workplace ,70255,Income,INR
31/08/2018 09:26:17,Cash,Food,Milk,Half lit  milk,36,Expense,INR
30/08/2018 21:10:24,Cash,Food,Sweets,Warna Srikhand pav kg,78,Expense,INR
30/08/2018 21:09:51,Cash,Household,Kirana,Supermart,343,Expense,INR
29/08/2018 12:21:49,Cash,Food,Grocery,Baking soda,27,Expense,INR
29/08/2018 12:21:49,Cash,Food,Ice cream,chocobar,15,Expense,INR
29/08/2018 12:11:41,Cash,Food,Milk,Half lit  milk,36,Expense,INR
28/08/2018 21:04:56,Saving Bank account 1,Dividend earned on Shares,,Astral Stocks,6.75,Income,INR
28/08/2018 19:16:09,Saving Bank account 1,Dividend earned on Shares,,Reliance Stocks,18,Income,INR
27/08/2018 21:30:16,Cash,Food,curd,Dahi 2 packets,20,Expense,INR
27/08/2018 10:52:51,Cash,Food,breakfast,2 plates poha,60,Expense,INR
27/08/2018 10:52:30,Cash,Food,Biscuits,Khari packet,45,Expense,INR
27/08/2018 10:52:09,Cash,Food,Milk,Half lit  milk,36,Expense,INR
26/08/2018 21:04:46,Saving Bank account 1,Interest,,interest paid,30,Income,INR
25/08/2018 21:04:46,Cash,Apparel,Laundry,13 clothes ironing,91,Expense,INR
24/08/2018 22:13:43,Credit Card,Food,Dinner,Home Food Delivery,1120,Expense,INR
24/08/2018 22:12:17,Saving Bank account 1,Other,,From Family,1000,Income,INR
24/08/2018 20:20:37,Cash,Food,Rajgira ladu,,20,Expense,INR
24/08/2018 20:17:09,Cash,Food,Milk,Half lit  milk,36,Expense,INR
24/08/2018 13:34:14,Cash,Festivals,Navratri,Ganpati+ navratri vargani,1000,Expense,INR
23/08/2018 21:29:52,Credit Card,Transportation,train,2 Place 2 to Place 3 : Sevagram express 3AC,1305.4,Expense,INR
23/08/2018 21:29:12,Credit Card,Transportation,train,2 Place 3 to Place 2 : Amritsar express 3AC,1205.4,Expense,INR
23/08/2018 19:55:33,Saving Bank account 1,Food,Lunch,Catering Service,60,Expense,INR
22/08/2018 22:31:36,Cash,Food,Milk,Half lit  milk,37,Expense,INR
22/08/2018,Saving Bank account 1,Life Insurance,,,11043,Transfer-Out,INR
21/08/2018 16:15:46,Cash,Food,Tea,cutting chai,12,Expense,INR
21/08/2018 16:15:20,Cash,Food,Milk,Half lit  milk,36,Expense,INR
19/08/2018,Saving Bank account 1,subscription,Netflix,1 month subscription,199,Expense,INR
17/08/2018 20:06:32,Saving Bank account 1,Food,curd,Dahi 2 packets,20,Expense,INR
17/08/2018 19:21:17,Cash,Food,Milk,Half lit  milk,36,Expense,INR
17/08/2018 12:40:28,Saving Bank account 1,Dividend earned on Shares,,Pidilite Stocks,22,Income,INR
16/08/2018 19:08:01,Credit Card,subscription,Tata Sky,Permanent Residence - Tata Play recharge,157,Expense,INR
15/08/2018 09:44:05,Cash,Food,Sweets,Warna Srikhand half kg,290,Expense,INR
15/08/2018 09:11:44,Cash,Food,flour mill,M D sure 4kg atta,216,Expense,INR
14/08/2018 10:59:46,Saving Bank account 1,Dividend earned on Shares,,ITC Stocks,124,Income,INR
14/08/2018 10:04:52,Cash,Family,Pocket money,,30,Expense,INR
14/08/2018 09:51:30,Cash,Food,snacks,Dahi,32,Expense,INR
14/08/2018 09:50:12,Cash,Household,Kirana,Toothpaste Patanjali,160,Expense,INR
14/08/2018 09:48:42,Cash,Apparel,Laundry,8 clothes ironing,56,Expense,INR
14/08/2018 09:46:54,Cash,Food,Ice cream,Vanila family pack,115,Expense,INR
13/08/2018 18:37:27,Cash,Household,Appliances,5 litres can Distilled water,100,Expense,INR
13/08/2018 18:36:01,Cash,Household,home decor,Brass Puja plate and diva,220,Expense,INR
13/08/2018 18:35:18,Cash,Food,Grocery,Half kg Lahsoon,45,Expense,INR
13/08/2018 18:33:36,Cash,Household,Kirana,Supermart,594,Expense,INR
13/08/2018 10:04:36,Cash,Food,Ice cream,Vanila cup,10,Expense,INR
13/08/2018 10:04:23,Cash,Food,Ice cream,chocobar,20,Expense,INR
13/08/2018,Saving Bank account 1,Small Cap fund 2,,,5000,Transfer-Out,INR
13/08/2018,Saving Bank account 1,Small cap fund 1,,,5000,Transfer-Out,INR
11/8/2018,Cash,Food,snacks,8 kachori,96,Expense,INR
10/8/2018,Cash,Family,Pocket money,,35,Expense,INR
7/8/2018,Saving Bank account 1,Equity Mutual Fund E,,,1000,Transfer-Out,INR
6/8/2018,Cash,Beauty,grooming,hair cut,100,Expense,INR
5/8/2018,Cash,Family,Pocket money,,100,Expense,INR
5/8/2018,Cash,Food,Tea,cutting chai,10,Expense,INR
5/8/2018,Credit Card,Health,Health,eyewear Glasses payment remaining,4300,Expense,INR
5/8/2018,Credit Card,Apparel,Clothing,For Family,3410,Expense,INR
5/8/2018,Cash,Transportation,Train,Place 0 to Place 4 return,20,Expense,INR
5/8/2018,Cash,Transportation,auto,Current Residence to Place 0,15,Expense,INR
5/8/2018,Credit Card,Family,clothes,Bows,398,Expense,INR
3/8/2018,Saving Bank account 1,Other,,From Family,100,Income,INR
3/8/2018,Cash,Family,Pocket money,,2000,Expense,INR
3/8/2018,Saving Bank account 1,Dividend earned on Shares,,Redington Stocks,180,Income,INR
2/8/2018,Cash,Household,Kirana,Supermart,18,Expense,INR
2/8/2018,Cash,Food,flour mill,M D sure 4kg atta,216,Expense,INR
2/8/2018,Cash,Health,Health,eyewear Glasses advance,1000,Expense,INR
1/8/2018,Cash,Family,Pocket money,,40,Expense,INR
1/8/2018,Saving Bank account 1,Public Provident Fund,,,12500,Transfer-Out,INR
1/8/2018,Equity Mutual Fund B,Saving Bank account 1,,,2000,Transfer-Out,INR
31/07/2018 21:52:08,Cash,Apparel,Laundry,13 clothes ironing,91,Expense,INR
31/07/2018 18:01:20,Saving Bank account 1,Money transfer,Home,,30000,Expense,INR
31/07/2018 13:45:08,Cash,maid,,July salary,2000,Expense,INR
31/07/2018 13:44:15,Cash,Food,chocolate,10 melody,10,Expense,INR
31/07/2018 09:05:17,Saving Bank account 1,Salary,,From workplace ,70255,Income,INR
30/07/2018 18:44:23,Cash,Health,Medicine,Glucose D(50) + flora bc (40)+cyra 20(10),100,Expense,INR
30/07/2018 13:19:56,Cash,Health,Medicine,,132,Expense,INR
30/07/2018 13:19:36,Saving Bank account 1,Food,Lunch,Catering Service,212,Expense,INR
30/07/2018 11:49:11,Cash,Food,breakfast,1 plates poha,25,Expense,INR
29/07/2018 19:29:54,Saving Bank account 1,Food,Eating out,Paneer pizza,260,Expense,INR
29/07/2018 15:52:47,Cash,Transportation,auto,Decathlon Place A to Place A station,50,Expense,INR
29/07/2018 11:39:53,Cash,Transportation,auto,Current Residence to Place 0,15,Expense,INR
29/07/2018 11:38:08,Saving Bank account 1,Transportation,Train,2 Place 0 to Place A returns,40,Expense,INR
29/07/2018 10:12:59,Cash,Food,breakfast,Medu vada 3 plate,105,Expense,INR
28/07/2018 23:42:57,Cash,Family,Pocket money,,200,Expense,INR
28/07/2018 23:42:57,Debit Card,Culture,Movie,2 INOX ,481.36,Expense,INR
28/07/2018 21:30:49,Cash,Food,vegetables,,195,Expense,INR
28/07/2018 20:45:00,Credit Card,Household,Kirana,Supermart,3750,Expense,INR
27/07/2018 18:39:39,Saving Bank account 1,Other,,Demat account charges,826,Expense,INR
26/07/2018 23:06:09,Cash,Food,Biscuits,Toast packet,40,Expense,INR
26/07/2018 13:44:31,Saving Bank account 1,Tax refund,,,6780,Income,INR
23/07/2018 12:49:29,Credit Card,subscription,Tata Sky,Current Residence - Tata Play recharge,154,Expense,INR
23/07/2018 12:33:32,Cash,Food,breakfast,4 plates poha,100,Expense,INR
21/07/2018 19:02:36,Cash,Household,Kirana,Supermart,368,Expense,INR
21/07/2018 19:02:16,Cash,Food,fruits,Khajur pav kg,30,Expense,INR
21/07/2018 18:37:38,Saving Bank account 1,Food,snacks,2 Bhajipav + 2 vadapav,60,Expense,INR
21/07/2018 08:42:11,Cash,Food,Biscuits,Toast packet,45,Expense,INR
20/07/2018 19:59:46,Cash,Food,Ice cream,chocobar,20,Expense,INR
20/07/2018 19:59:08,Cash,Food,Potato,potato 1kg,25,Expense,INR
20/07/2018 19:58:46,Cash,Food,Onions,onion 1 kg,25,Expense,INR
20/07/2018 13:06:14,Saving Bank account 1,Transportation,Taxi,Ola cab - eye institute to Current Residence CHS,155,Expense,INR
20/07/2018 12:29:28,Cash,Health,Medicine,Cataract Medicine,87,Expense,INR
20/07/2018 09:11:48,Credit Card,Health,Medicine,Cataract Medicine,1048,Expense,INR
19/07/2018 20:25:13,Cash,Food,curd,Dahi 4 packets,40,Expense,INR
18/07/2018 20:26:03,Cash,Food,flour mill,M D sure 4kg atta,216,Expense,INR
16/07/2018 17:51:56,Cash,Apparel,Laundry,12 clothes ironing,84,Expense,INR
16/07/2018 10:43:53,Credit Card,Household,Hardware,Sony WI-C100 earphones wireless,1190,Expense,INR
16/07/2018 10:41:01,Cash,Food,snacks,7 kachori,84,Expense,INR
15/07/2018 19:12:57,Cash,Food,fruits,,30,Expense,INR
15/07/2018 18:01:59,Cash,Food,vegetables,,500,Expense,INR
15/07/2018 09:41:01,Cash,Food,snacks,4 kachori,48,Expense,INR
14/07/2018 18:10:13,Saving Bank account 1,Other,,CA  - income tax filing,2000,Expense,INR
13/07/2018 14:02:44,Saving Bank account 1,Transportation,Taxi,Ola cab - eye institute to Current Residence CHS,188,Expense,INR
13/07/2018 09:36:19,Credit Card,Health,Medicine,Cataract Medicine,1358,Expense,INR
13/07/2018,Saving Bank account 1,Small Cap fund 2,,,5000,Transfer-Out,INR
13/07/2018,Saving Bank account 1,Small cap fund 1,,,5000,Transfer-Out,INR
12/7/2018,Cash,Food,Eggs,6 eggs,35,Expense,INR
11/7/2018,Cash,Food,Bread,2 bread packets,57,Expense,INR
10/7/2018,Saving Bank account 1,Dividend earned on Shares,,Tata Steel Stocks,180,Income,INR
9/7/2018,Cash,Transportation,Petrol,3.4 Lit Petrol,360,Expense,INR
9/7/2018,Cash,Food,Biscuits,Toast packet,20,Expense,INR
9/7/2018,Cash,Food,Grocery,Shev bhaji sev pav kg,60,Expense,INR
8/7/2018,Cash,Transportation,Taxi,Ola cab - eye institute to Current Residence CHS,185,Expense,INR
8/7/2018,Saving Bank account 1,Food,Tea,3 cutting chai,30,Expense,INR
8/7/2018,Credit Card,Health,Medicine,eye drop,153,Expense,INR
8/7/2018,Cash,Health,Hospital,Hospital consultation,500,Expense,INR
8/7/2018,Cash,Transportation,Taxi,Ola cab - Current Residence CHS to eye institute,130,Expense,INR
8/7/2018,Saving Bank account 1,Transportation,Taxi,To and Fro Cab Fare Contribution,675,Expense,INR
7/7/2018,Cash,Transportation,Train,Place 4 to Place 0,10,Expense,INR
7/7/2018,Credit Card,Food,Lunch,At restaurant,2,Expense,INR
7/7/2018,Saving Bank account 1,subscription,Mahanagar Gas,,196,Expense,INR
7/7/2018,Saving Bank account 1,Equity Mutual Fund E,,,1000,Transfer-Out,INR
6/7/2018,Cash,Food,Dinner,At restaurant,760,Expense,INR
6/7/2018,Cash,Transportation,Taxi,Park Inn Goa,100,Expense,INR
5/7/2018,Cash,Transportation,auto,Terminal 1 to Terminal 2,83,Expense,INR
5/7/2018,Cash,Food,Tea,cutting chai,7,Expense,INR
5/7/2018,Cash,Transportation,auto,Current Residence to Place 0,15,Expense,INR
5/7/2018,Cash,Transportation,Train,Place 0 to Place P,20,Expense,INR
4/7/2018,Cash,Health,Hospital,Doctor Fees,100,Expense,INR
4/7/2018,Cash,Beauty,grooming,Shaving,50,Expense,INR
4/7/2018,Cash,Family,Pocket money,,350,Expense,INR
4/7/2018,Saving Bank account 1,Health,Lab Tests,2 Thyroid (1000) + cholesterol (220) + uric acid (220),1440,Expense,INR
3/7/2018,Cash,maid,,,500,Expense,INR
3/7/2018,Saving Bank account 1,Food,Milk,Half lit  milk,36,Expense,INR
3/7/2018,Credit Card,subscription,Tata Sky,Current Residence - Tata Play recharge,154,Expense,INR
3/7/2018,Saving Bank account 1,Dividend earned on Shares,,Infosys Stocks,52.5,Income,INR
3/7/2018,Equity Mutual Fund B,Saving Bank account 1,,,2000,Transfer-Out,INR
2/7/2018,Saving Bank account 1,Household,Kirana,Supermart,1595,Expense,INR
2/7/2018,Cash,Transportation,auto,Place 1 bridge to Current Residence 2 seats,50,Expense,INR
2/7/2018,Cash,Transportation,Bus,2 Place 6 Stand to MS,20,Expense,INR
2/7/2018,Credit Card,Household,home decor,Face towels + shampoo,626,Expense,INR
2/7/2018,Cash,Transportation,Bus,2 Place 1 to  mall,26,Expense,INR
2/7/2018,Cash,Transportation,auto,Current Residence to Place 1 bus stop highway,40,Expense,INR
1/7/2018,Debit Card,Culture,Movie,2 PVR ,461,Expense,INR
1/7/2018,Credit Card,Transportation,Travels,2 Place 2 to Place 1 - Shree Sharma Travels,1890,Expense,INR
1/7/2018,Saving Bank account 1,Food,snacks,Vadapav,15,Expense,INR
1/7/2018,Saving Bank account 1,Apparel,Clothing,undergarments pair of Jockey,430,Expense,INR
1/7/2018,Cash,Apparel,Laundry,clothes ironing,98,Expense,INR
1/7/2018,Saving Bank account 1,Food,Milk,milk 1lit ,72,Expense,INR
1/7/2018,Saving Bank account 1,Public Provident Fund,,,12500,Transfer-Out,INR
1/7/2018,Saving Bank account 1,Money transfer,Home,,10000,Expense,INR
30/06/2018 18:47:45,Saving Bank account 1,Household,Appliances,Aqugurad PRV,1200,Expense,INR
30/06/2018 08:45:37,Saving Bank account 1,Dividend earned on Shares,,Asian paints Stocks,43,Income,INR
30/06/2018 08:45:18,Saving Bank account 1,Interest,,interest paid,342,Income,INR
30/06/2018 08:44:48,Saving Bank account 1,Salary,,From workplace ,65122,Income,INR
29/06/2018 17:01:00,Saving Bank account 1,Dividend earned on Shares,,HUL Stocks,44,Income,INR
29/06/2018 16:13:02,Cash,Household,Hardware,Tulsi plant+ pot,70,Expense,INR
29/06/2018 16:10:41,Cash,Household,Kitchen,Math tap repair,50,Expense,INR
29/06/2018 15:28:46,Cash,Household,Appliances,3 bulbs 3 pencil cells,270,Expense,INR
28/06/2018 20:44:36,Credit Card,Food,Dinner,Home Food Delivery,455,Expense,INR
28/06/2018 18:35:52,Cash,Food,snacks,Bhaji + vadapav + kachori+ tea,70,Expense,INR
28/06/2018 15:06:59,Cash,Transportation,Taxi,Vadala road to Nehru Planetarium,228,Expense,INR
28/06/2018 10:08:21,Credit Card,Apparel,Footwear,Mast & Harbour Slides,64.82,Expense,INR
27/06/2018 21:32:27,Credit Card,Tourism,Entry Fees,Planetarium,308.85,Expense,INR
27/06/2018 19:11:09,Saving Bank account 1,Other,,From Family,3000,Income,INR
27/06/2018 18:53:54,Cash,Food,Tea,2 cups,14,Expense,INR
27/06/2018 18:48:45,Cash,Household,gadgets,Mobile cover real mi note pro,100,Expense,INR
27/06/2018 18:46:33,Credit Card,Other,,Shopping at Alfa,4720,Expense,INR
27/06/2018 18:46:48,Cash,Household,gadgets,Mouse pad,100,Expense,INR
27/06/2018 18:43:23,Credit Card,Apparel,Accessories,Purse,450,Expense,INR
27/06/2018 18:19:27,Credit Card,Apparel,Footwear,Rainy season chappal,550,Expense,INR
27/06/2018 18:18:28,Cash,Transportation,auto,Place P station to Alfa market,25,Expense,INR
27/06/2018 14:00:32,Cash,Transportation,Train,2 Place 0 to Place P return,80,Expense,INR
27/06/2018 13:59:52,Cash,Transportation,auto,2 Current Residence to Place 0,30,Expense,INR
27/06/2018 06:30:08,Share Market Trading,Saving Bank account 1,,Refund,2549.59,Transfer-Out,INR
26/06/2018 19:47:42,Cash,Transportation,auto,2 Place 0 to Current Residence,30,Expense,INR
26/06/2018 19:47:42,Credit Card,Household,Kirana,Supermart,1990,Expense,INR
26/06/2018 17:25:23,Saving Bank account 1,Household,Appliances,Aqugurad water purifier,13050,Expense,INR
26/06/2018 12:49:54,Saving Bank account 1,Household,Hardware,Umbrella handle repair,70,Expense,INR
26/06/2018 11:47:08,Cash,Transportation,Train,Place 0 to Place 4 return,20,Expense,INR
26/06/2018 11:45:49,Cash,Food,Tea,2 cutting chai,20,Expense,INR
26/06/2018 11:44:48,Cash,Food,snacks,Bhaji + vadapav,30,Expense,INR
25/06/2018 15:09:49,Saving Bank account 1,Food,Lunch,Home Food Delivery,320,Expense,INR
25/06/2018 14:23:22,Credit Card,Household,Kirana,Smart point,2074,Expense,INR
24/06/2018 16:11:39,Cash,Transportation,auto,2 Place 0 to Current Residence,40,Expense,INR
24/06/2018 16:11:17,Saving Bank account 1,Food,breakfast,Bread,18,Expense,INR
24/06/2018 16:11:07,Saving Bank account 1,Food,Milk,milk 1lit ,72,Expense,INR
24/06/2018 14:37:00,Credit Card,Health,Health,Suppliemnts,211.75,Expense,INR
24/06/2018 13:31:06,Cash,Transportation,Train,2 Place 5 to Place 0,30,Expense,INR
24/06/2018 11:29:20,Credit Card,subscription,Tata Sky,Permanent Residence - Tata Play recharge,157,Expense,INR
24/06/2018 11:00:13,Cash,Food,snacks,2 Vadapav 2 samosa pav,60,Expense,INR
23/06/2018 19:25:22,Credit Card,subscription,Mobile Service Provider,Annual recharge,2545,Expense,INR
23/06/2018 10:15:35,Cash,Transportation,auto,,30,Expense,INR
22/06/2018 15:32:22,Saving Bank account 1,subscription,Mobile Service Provider,Data booster pack,181,Expense,INR
19/06/2018 13:24:01,Saving Bank account 1,Family,Pocket money,,2000,Expense,INR
19/06/2018 10:25:47,Saving Bank account 1,subscription,Mobile Service Provider,Data booster pack,25,Expense,INR
18/06/2018 22:18:59,Saving Bank account 1,subscription,Mobile Service Provider,Data booster pack,15,Expense,INR
16/06/2018 09:01:39,Saving Bank account 1,Share Market,,,8500,Transfer-Out,INR
15/06/2018 21:19:39,Saving Bank account 1,subscription,Mobile Service Provider,Data booster pack,15,Expense,INR
15/06/2018 09:24:33,Saving Bank account 1,Transportation,train,2CC Place 2 to DDR Spl Train,1213.6,Expense,INR
13/06/2018,Saving Bank account 1,Small Cap fund 2,,,5000,Transfer-Out,INR
13/06/2018,Saving Bank account 1,Small cap fund 1,,,5000,Transfer-Out,INR
11/6/2018,Cash,Food,Eggs,12 eggs,84,Expense,INR
11/6/2018,Credit Card,Self-development,,Marathon,1407,Expense,INR
10/6/2018,Saving Bank account 1,Household,home decor,Sofa covers,3000,Expense,INR
9/6/2018,Credit Card,subscription,Mobile Service Provider,Data booster pack,667,Expense,INR
7/6/2018,Saving Bank account 1,Equity Mutual Fund E,,,1000,Transfer-Out,INR
1/6/2018,Saving Bank account 1,Public Provident Fund,,,12500,Transfer-Out,INR
1/6/2018,Equity Mutual Fund B,Saving Bank account 1,,,2000,Transfer-Out,INR
31/05/2018 08:47:33,Saving Bank account 1,Salary,,From workplace ,65134,Income,INR
30/05/2018 07:42:56,Saving Bank account 1,Dividend earned on Shares,,HDFC Stocks,88,Income,INR
28/05/2018 14:11:17,Credit Card,subscription,Mobile Service Provider,Data booster pack,25,Expense,INR
28/05/2018 10:41:59,Cash,Beauty,grooming,hair cut,100,Expense,INR
27/05/2018 10:50:10,Saving Bank account 2,Interest,,interest paid,28,Income,INR
27/05/2018 10:50:10,Cash,Household,Kirana,Soap + dahya pav kg,75,Expense,INR
26/05/2018 07:55:09,Cash,Transportation,auto,Permanent Residence to Motor Driving school,50,Expense,INR
24/05/2018 09:04:01,Saving Bank account 1,subscription,Mobile Service Provider,Data booster pack,667,Expense,INR
23/05/2018 21:20:18,Credit Card,subscription,Tata Sky,Permanent Residence - Tata Play recharge,166,Expense,INR
22/05/2018 20:47:36,Cash,Health,Health,2 All out refill,154,Expense,INR
22/05/2018,Saving Bank account 1,Life Insurance,,,11043,Transfer-Out,INR
21/05/2018 14:06:05,Cash,Family,Pocket money,,140,Expense,INR
20/05/2018 14:06:20,Saving Bank account 1,Family,misc,"Soap, shampoo, razor",122,Expense,INR
19/05/2018 19:26:19,Cash,Household,Kitchen,flour mill,25,Expense,INR
19/05/2018 15:17:18,Saving Bank account 1,subscription,Mobile Service Provider,Data booster pack,15,Expense,INR
18/05/2018 15:35:49,Saving Bank account 1,subscription,Mobile Service Provider,Data booster pack,301,Expense,INR
15/05/2018 20:11:58,Saving Bank account 1,Food,Ice cream,Cookies & cream family pack,135,Expense,INR
15/05/2018 20:11:12,Cash,Transportation,auto,within city,30,Expense,INR
15/05/2018 20:10:10,Saving Bank account 1,Household,Appliances,LG Washing Machine,21500,Expense,INR
15/05/2018 18:43:55,Cash,Transportation,auto,Permanent Residence to GH road,50,Expense,INR
14/05/2018 23:09:55,Saving Bank account 1,Amazon pay cashback,,,21,Income,INR
14/05/2018 23:08:45,Saving Bank account 1,subscription,Mobile Service Provider,Data booster pack,301,Expense,INR
14/05/2018 22:49:32,Cash,Other,,Digilock room charges,40,Expense,INR
14/05/2018 22:49:07,Cash,Transportation,auto,Place 2 station to Permanent Residence,50,Expense,INR
14/05/2018 18:01:15,Cash,Food,snacks,Potato chips,15,Expense,INR
14/05/2018 12:55:41,Saving Bank account 1,Food,fruits,2 dozens mango + 1kg litchi,1250,Expense,INR
14/05/2018 09:47:57,Cash,Transportation,Train,2 Place 0 to Place 3,40,Expense,INR
14/05/2018 09:47:13,Cash,Transportation,auto,2 Current Residence to Place 0,40,Expense,INR
13/05/2018 20:18:01,Cash,Apparel,Laundry,clothes ironing,77,Expense,INR
13/05/2018 20:16:54,Cash,Education,Stationary,Gel pen Refills,12,Expense,INR
13/05/2018 00:06:05,Cash,scrap,,,20,Income,INR
13/05/2018,Saving Bank account 1,Small Cap fund 2,,,5000,Transfer-Out,INR
13/05/2018,Saving Bank account 1,Small cap fund 1,,,5000,Transfer-Out,INR
12/5/2018,Credit Card,Food,Dinner,Domino's Pizza,437,Expense,INR
12/5/2018,Cash,Food,Lunch,Catering Service,70,Expense,INR
12/5/2018,Cash,Food,snacks,4 kachori,48,Expense,INR
12/5/2018,Saving Bank account 1,Food,Milk,milk 1lit ,72,Expense,INR
11/5/2018,Cash,Food,Rajgira ladu,1 packet,20,Expense,INR
10/5/2018,Saving Bank account 1,Food,Ice cream,2 Faluda,80,Expense,INR
10/5/2018,Saving Bank account 1,Other,,NEFT from Big Share Services,947,Income,INR
9/5/2018,Cash,subscription,Newspaper,Mata + TOI + ET,12,Expense,INR
9/5/2018,Cash,Food,Biscuits,Toast packet,45,Expense,INR
9/5/2018,Cash,Food,Milk,Half lit  milk,36,Expense,INR
9/5/2018,Credit Card,subscription,Netflix,,199,Expense,INR
8/5/2018,Cash,Food,Sweets,Kaju katli half kg,500,Expense,INR
8/5/2018,Saving Bank account 1,Food,Milk,milk 1lit ,72,Expense,INR
8/5/2018,Cash,Beauty,grooming,Shaving,50,Expense,INR
7/5/2018,Credit Card,Household,Toiletries,Handwash container2 + window cleaner,1086,Expense,INR
7/5/2018,Cash,Transportation,Bike,Mall parking,20,Expense,INR
7/5/2018,Saving Bank account 1,subscription,Mahanagar Gas,,515,Expense,INR
7/5/2018,Saving Bank account 1,Food,Lunch,Home Food Delivery,430,Expense,INR
7/5/2018,Cash,Food,Milk,milk 1lit ,72,Expense,INR
7/5/2018,Saving Bank account 1,Equity Mutual Fund E,,,1000,Transfer-Out,INR
6/5/2018,Saving Bank account 1,Other,,From Family,3000,Income,INR
5/5/2018,Cash,Family,Pocket money,,600,Expense,INR
4/5/2018,Cash,Household,Kirana,Supermart,37,Expense,INR
4/5/2018,Saving Bank account 1,Food,Milk,milk 1lit ,72,Expense,INR
3/5/2018,Saving Bank account 1,Food,snacks,Bhaji + vadapav,40,Expense,INR
2/5/2018,Saving Bank account 1,Food,fruits,Mango 1.5 kg,280,Expense,INR
1/5/2018,Cash,Food,Milk,milk 1lit ,72,Expense,INR
1/5/2018,Saving Bank account 1,Health,Medicine,ITone eye drops,43,Expense,INR
1/5/2018,Saving Bank account 1,Health,Medicine,Refresh Tears Drop,122,Expense,INR
1/5/2018,Cash,Family,Pocket money,,260,Expense,INR
1/5/2018,Saving Bank account 1,Public Provident Fund,,,12500,Transfer-Out,INR
1/5/2018,Equity Mutual Fund B,Saving Bank account 1,,,2000,Transfer-Out,INR
1/5/2018,Saving Bank account 1,Money transfer,Home,,10000,Expense,INR
30/04/2018 18:25:28,Cash,Food,snacks,6 kachori,72,Expense,INR
30/04/2018 18:25:08,Cash,Household,Kirana,Supermart,165,Expense,INR
30/04/2018 09:56:14,Credit Card,subscription,Tata Sky,Current Residence - Tata Play recharge,176,Expense,INR
30/04/2018 09:48:34,Cash,Food,Biscuits,Toast packet,45,Expense,INR
30/04/2018 09:48:07,Cash,Food,Milk,milk 1lit ,72,Expense,INR
30/04/2018 06:32:57,Cash,Gift,,To Family,500,Expense,INR
29/04/2018 18:28:10,Saving Bank account 1,Food,beverage,2 sugarcane juice,40,Expense,INR
29/04/2018 09:36:56,Saving Bank account 1,Salary,,From workplace ,65134,Income,INR
28/04/2018 21:03:59,Credit Card,Food,Dinner,Home Food Delivery,413,Expense,INR
28/04/2018 10:04:35,Cash,Family,Pocket money,,500,Expense,INR
27/04/2018 18:30:51,Cash,Household,Kirana,Supermart,295,Expense,INR
26/04/2018 20:44:20,Cash,Food,snacks,Noodles packet,30,Expense,INR
26/04/2018 20:44:50,Saving Bank account 1,Food,Milk,milk 1lit ,72,Expense,INR
26/04/2018 11:30:19,Cash,Family,Pocket money,,1000,Expense,INR
25/04/2018 18:28:39,Cash,Food,Lunch,Catering Service,70,Expense,INR
24/04/2018 22:24:28,Credit Card,subscription,Tata Sky,Permanent Residence - Tata Play recharge,157,Expense,INR
23/04/2018 18:21:36,Saving Bank account 1,Household,Kirana,Idli pith 1kg,38,Expense,INR
23/04/2018 15:22:30,Cash,maid,,,500,Expense,INR
22/04/2018 21:03:30,Cash,Food,vegetables,,10,Expense,INR
22/04/2018 12:35:39,Cash,Household,Kirana,Supermart,190,Expense,INR
22/04/2018 12:35:28,Saving Bank account 1,Food,Milk,milk 1lit ,72,Expense,INR
21/04/2018 23:15:33,Cash,Food,Ice cream,Naturals,160,Expense,INR
21/04/2018 21:15:07,Cash,Food,curd,Dahi 2 packets,20,Expense,INR
20/04/2018 20:39:57,Saving Bank account 1,Food,Dinner,Sugaran Kitchen,70,Expense,INR
19/04/2018 20:13:20,Cash,Household,Kitchen,flour mill,14,Expense,INR
19/04/2018 09:55:08,Saving Bank account 1,Food,Eggs,6 eggs,36,Expense,INR
19/04/2018 09:54:53,Saving Bank account 1,Food,Milk,milk 1lit ,72,Expense,INR
17/04/2018 09:04:44,Cash,Food,Milk,milk 1lit ,72,Expense,INR
16/04/2018 22:40:53,Saving Bank account 1,Education,Stationary,3 Pens,21,Expense,INR
16/04/2018 20:58:57,Saving Bank account 1,Apparel,Laundry,clothes ironing,63,Expense,INR
16/04/2018 20:55:46,Saving Bank account 1,Household,Kirana,Cockroach injection,270,Expense,INR
16/04/2018 18:26:44,Saving Bank account 1,Household,Kirana,Supermart,265,Expense,INR
16/04/2018 18:26:06,Credit Card,Household,Kirana,Smart point,450,Expense,INR
15/04/2018 19:07:49,Cash,Food,snacks,pav Bhaji,70,Expense,INR
15/04/2018 19:07:30,Cash,Food,Tea,2 cutting chai,20,Expense,INR
15/04/2018 19:06:45,Credit Card,Household,Kitchen,"Vessels for sugar, coffee and tea",799,Expense,INR
15/04/2018 14:40:22,Credit Card,Family,makeup,Body mist,525,Expense,INR
15/04/2018 14:40:08,Cash,Transportation,Bike,Station Parking,10,Expense,INR
15/04/2018 14:39:37,Cash,Transportation,Train,Place 0 to Place 4 return,20,Expense,INR
15/04/2018 14:38:43,Cash,Food,Lunch,Catering Service,70,Expense,INR
14/04/2018 22:27:04,Saving Bank account 1,Household,Kirana,Supermart,107,Expense,INR
14/04/2018 22:24:43,Saving Bank account 1,Food,Grocery,Pizza base packet 2,40,Expense,INR
14/04/2018 06:31:35,Saving Bank account 1,Food,Biscuits,Khari packet,45,Expense,INR
14/04/2018 06:31:14,Saving Bank account 1,Food,Milk,milk 1lit ,72,Expense,INR
13/04/2018 20:34:03,Cash,Health,Lab Tests,Family Thyroid Test + CBC,700,Expense,INR
13/04/2018,Saving Bank account 1,Small Cap fund 2,,,5000,Transfer-Out,INR
13/04/2018,Saving Bank account 1,Small cap fund 1,,,5000,Transfer-Out,INR
12/4/2018,Credit Card,subscription,Netflix,,199,Expense,INR
12/4/2018,Cash,Household,Kirana,,112,Expense,INR
12/4/2018,Cash,Food,snacks,Pattice,20,Expense,INR
12/4/2018,Cash,Food,Lunch,Catering Service,130,Expense,INR
10/4/2018,Cash,Food,breakfast,Bread,18,Expense,INR
10/4/2018,Cash,Food,Lunch,Catering Service,70,Expense,INR
10/4/2018,Saving Bank account 1,Gift,,farewell contribution,250,Expense,INR
9/4/2018,Cash,Food,Grocery,Ginger,10,Expense,INR
9/4/2018,Cash,Food,Milk,milk 1lit ,72,Expense,INR
7/4/2018,Credit Card,Household,Kirana,Supermart,1857,Expense,INR
7/4/2018,Cash,Household,Kirana,Pav kg chana dal,24,Expense,INR
7/4/2018,Cash,Food,Milk,Half lit  milk,36,Expense,INR
7/4/2018,Saving Bank account 1,Equity Mutual Fund E,,,1000,Transfer-Out,INR
6/4/2018,Saving Bank account 1,Money transfer,Home,,24500,Expense,INR
5/4/2018,Cash,Household,Kirana,Idli pith 1kg,38,Expense,INR
5/4/2018,Cash,Food,Eggs,6 eggs,36,Expense,INR
5/4/2018,Cash,Food,Milk,milk 1lit ,72,Expense,INR
5/4/2018,Cash,Food,Lunch,Catering Service,130,Expense,INR
3/4/2018,Saving Bank account 1,Public Provident Fund,,,12500,Transfer-Out,INR
3/4/2018,Equity Mutual Fund B,Saving Bank account 1,,,2000,Transfer-Out,INR
2/4/2018,Cash,Transportation,Bike,Mall parking,20,Expense,INR
2/4/2018,Credit Card,Household,Hardware,Window cleaner,149,Expense,INR
2/4/2018,Cash,Food,Grocery,Pav kg Lahsoon,24,Expense,INR
2/4/2018,Cash,Food,curd,Dahi 2 packets,20,Expense,INR
2/4/2018,Cash,Food,Onions,onion 2 kg,36,Expense,INR
2/4/2018,Cash,maid,,,2000,Expense,INR
1/4/2018,Saving Bank account 2,Interest,,interest paid,345,Income,INR
1/4/2018,Saving Bank account 1,Other,,ATM charge,5.9,Expense,INR
1/4/2018,Saving Bank account 1,Other,,ATM charge,24.78,Expense,INR
1/4/2018,Saving Bank account 2,Interest,,interest paid,345.15,Income,INR
1/4/2018,Cash,Food,Milk,milk 1lit ,72,Expense,INR
1/4/2018,Saving Bank account 1,Money transfer,Home,,10005.9,Expense,INR
31/03/2018 21:39:12,Saving Bank account 1,Food,Ice cream,2 chocobar,45,Expense,INR
31/03/2018 19:45:07,Credit Card,Food,Dinner,Home Food Delivery,244,Expense,INR
31/03/2018 14:48:02,Saving Bank account 1,Salary,,From workplace ,64636,Income,INR
31/03/2018 13:20:18,Credit Card,Food,Lunch,Domino's Pizza,419,Expense,INR
31/03/2018 11:32:03,Saving Bank account 1,Transportation,Bike,Station Parking,10,Expense,INR
31/03/2018 07:36:40,Saving Bank account 1,Interest,,interest paid,589,Income,INR
31/03/2018 07:26:26,Cash,Transportation,Train,Place 0 to Sion returns,30,Expense,INR
30/03/2018 20:10:12,Cash,Food,snacks,1 Panipuri,25,Expense,INR
30/03/2018 11:27:41,Cash,Food,vegetables,Ginger + green chilli,20,Expense,INR
30/03/2018 11:27:33,Cash,Food,Milk,milk 1lit ,72,Expense,INR
29/03/2018 20:10:25,Credit Card,Food,Dinner,At restaurant,1234,Expense,INR
27/03/2018 19:58:24,Cash,Food,breakfast,Bread,35,Expense,INR
26/03/2018 13:05:30,Saving Bank account 1,Food,Milk,milk 1lit ,72,Expense,INR
26/03/2018 09:55:55,Credit Card,subscription,Tata Sky,Permanent Residence - Tata Play recharge,157,Expense,INR
25/03/2018 22:20:31,Saving Bank account 1,Dividend earned on Shares,,Marico Stocks,40.5,Income,INR
25/03/2018 21:14:42,Cash,Transportation,Bike,Station Parking,10,Expense,INR
25/03/2018 21:14:08,Cash,Food,snacks,Popcorn family pack,25,Expense,INR
25/03/2018 21:13:44,Cash,Food,Tea,2 tea,20,Expense,INR
25/03/2018 21:13:19,Cash,Food,snacks,2 Frankie,160,Expense,INR
25/03/2018 21:12:38,Credit Card,Food,snacks,French crossiant,80,Expense,INR
25/03/2018 21:12:00,Credit Card,Food,Tea,IKEA tea 3,240,Expense,INR
23/03/2018 19:48:39,Cash,Culture,Books,Finding next Job,100,Expense,INR
22/03/2018 22:30:49,Saving Bank account 1,Food,flour mill,1 kg Bajari,7,Expense,INR
22/03/2018 22:30:20,Cash,Food,vegetables,Half kg tomato,15,Expense,INR
22/03/2018 20:13:48,Saving Bank account 1,Household,Kirana,Supermart,153,Expense,INR
22/03/2018 19:31:37,Saving Bank account 1,Food,snacks,Pickle,150,Expense,INR
22/03/2018 19:31:16,Cash,Food,snacks,Potato chips,150,Expense,INR
22/03/2018 12:50:18,Cash,Food,Rajgira ladu,1 packet,20,Expense,INR
22/03/2018 12:47:34,Cash,Food,Milk,milk 1lit ,72,Expense,INR
21/03/2018 23:13:13,Saving Bank account 1,Food,snacks,2 kachori,24,Expense,INR
21/03/2018 18:41:45,Credit Card,Household,Kirana,Idli pith 1kg,38,Expense,INR
21/03/2018 17:26:41,Cash,Family,Pocket money,,50,Expense,INR
20/03/2018 20:13:08,Credit Card,Food,Dinner,2 Fried rice,246,Expense,INR
20/03/2018 16:30:07,Saving Bank account 2,Other,,,17,Expense,INR
20/03/2018 16:26:08,Credit Card,Food,snacks,Chicken lollypop 8 pcs,215.75,Expense,INR
20/03/2018 16:15:59,Cash,Food,breakfast,Bread,18,Expense,INR
20/03/2018 16:15:41,Cash,Food,Eggs,6 eggs,36,Expense,INR
20/03/2018 16:15:16,Cash,Food,Milk,Half lit  milk,36,Expense,INR
18/03/2018 20:40:33,Cash,Transportation,Bike,Station Parking,10,Expense,INR
18/03/2018 18:57:34,Cash,Food,snacks,Dabeli,15,Expense,INR
18/03/2018 18:47:54,Credit Card,Family,clothes,Trouser,799,Expense,INR
18/03/2018 18:41:33,Credit Card,Family,clothes,Belt + bow,498,Expense,INR
18/03/2018 17:16:44,Cash,Food,snacks,Papad packet,50,Expense,INR
18/03/2018 17:16:27,Cash,Food,snacks,1 Panipuri,30,Expense,INR
18/03/2018 17:16:09,Cash,Food,Tea,cutting chai,10,Expense,INR
18/03/2018 16:16:21,Cash,Transportation,Train,Place 0 to Place 4 return,20,Expense,INR
17/03/2018 22:50:45,Cash,Food,Lunch,Catering Service,30,Expense,INR
17/03/2018 13:13:18,Saving Bank account 1,Food,Milk,Half lit  milk,37,Expense,INR
15/03/2018 16:27:45,Cash,Food,Lunch,Catering Service,60,Expense,INR
15/03/2018 16:27:45,Saving Bank account 1,Food,Milk,Half lit  milk,36,Expense,INR
14/03/2018 21:39:40,Cash,Household,Kirana,Mayonnaise + cheese cubes,140,Expense,INR
14/03/2018 21:38:13,Cash,Food,Onions,onion 2 kg,40,Expense,INR
14/03/2018 06:04:18,Credit Card,Food,Dinner,Domino's Pizza,578,Expense,INR
14/03/2018 06:03:35,Share Market Trading,Saving Bank account 1,,Unused funds,42.88,Transfer-Out,INR
13/03/2018 12:39:40,Cash,Family,Pocket money,,480,Expense,INR
13/03/2018 09:27:56,Saving Bank account 1,Food,Milk,Half lit  milk,36,Expense,INR
13/03/2018,Saving Bank account 1,Small Cap fund 2,,,5000,Transfer-Out,INR
13/03/2018,Saving Bank account 1,Small cap fund 1,,,5000,Transfer-Out,INR
12/3/2018,Saving Bank account 1,Transportation,train,2 Place 3 to Place 2 : Sevagram express 3AC,1293,Expense,INR
10/3/2018,Cash,Household,Hardware,Mosquito Racket,300,Expense,INR
10/3/2018,Cash,Health,Health,All out refill,77,Expense,INR
10/3/2018,Cash,Food,Milk,1 lit ,72,Expense,INR
10/3/2018,Cash,Food,Milk,Half lit  milk,36,Expense,INR
8/3/2018,Saving Bank account 1,Apparel,Laundry,clothes ironing,91,Expense,INR
8/3/2018,Cash,Food,Bread,Flatbread 12 pcs,40,Expense,INR
8/3/2018,Cash,Petty cash,,From Family,500,Income,INR
8/3/2018,Saving Bank account 1,subscription,Mahanagar Gas,,540,Expense,INR
8/3/2018,Cash,Food,Eggs,6 eggs,36,Expense,INR
8/3/2018,Cash,Food,Milk,Half lit  milk,36,Expense,INR
8/3/2018,Saving Bank account 1,Equity Mutual Fund E,,,1000,Transfer-Out,INR
7/3/2018,Saving Bank account 1,Festivals,Holi,Holi Tip to cleaner,20,Expense,INR
7/3/2018,Saving Bank account 1,Food,snacks,2 Vadapav,30,Expense,INR
6/3/2018,Cash,Health,Medicine,Thyroid Tablets,172,Expense,INR
6/3/2018,Cash,Health,Medicine,5 Meftal spas,22,Expense,INR
6/3/2018,Saving Bank account 1,Education,Stationary,Xerox,4,Expense,INR
6/3/2018,Saving Bank account 1,Petty cash,,From Family,3500,Income,INR
6/3/2018,Cash,Food,Milk,Half lit  milk,36,Expense,INR
6/3/2018,Credit Card,Documents,Courier,Aadhar PUC card delivery,50,Expense,INR
6/3/2018,Cash,Family,Pocket money,,50,Expense,INR
5/3/2018,Cash,Food,Ice cream,chocobar,20,Expense,INR
5/3/2018,Saving Bank account 1,Food,flour mill,M D sure 3kg atta,162,Expense,INR
5/3/2018,Credit Card,Household,Kirana,Supermart,1357,Expense,INR
5/3/2018,Credit Card,Household,Kirana,Smart point,972,Expense,INR
5/3/2018,Saving Bank account 1,Other,,blanket sewing,10,Expense,INR
4/3/2018,Cash,Family,Pocket money,,450,Expense,INR
4/3/2018,Cash,Food,Lunch,Catering Service,130,Expense,INR
3/3/2018,Saving Bank account 1,Dividend earned on Shares,,ITC Stocks,78,Income,INR
3/3/2018,Saving Bank account 1,Food,Milk,Half lit  milk,36,Expense,INR
2/3/2018,Saving Bank account 1,Food,Ice cream,chocobar,15,Expense,INR
1/3/2018,Credit Card,Food,Dinner,Domino's Pizza,189,Expense,INR
1/3/2018,Cash,Food,Eggs,6 eggs,36,Expense,INR
1/3/2018,Saving Bank account 1,Public Provident Fund,,,10000,Transfer-Out,INR
1/3/2018,Equity Mutual Fund B,Saving Bank account 1,,,2000,Transfer-Out,INR
1/3/2018,Saving Bank account 1,Money transfer,Home,,10000,Expense,INR
28/02/2018 20:32:55,Saving Bank account 1,Food,Biscuits,Khari packet,45,Expense,INR
28/02/2018 20:31:38,Saving Bank account 1,Food,Milk,Half lit Varna milk,36,Expense,INR
28/02/2018 20:31:10,Credit Card,Food,Onions,onion 1 kg,30,Expense,INR
28/02/2018 20:29:59,Credit Card,Food,Potato,potato 1kg,18,Expense,INR
28/02/2018 14:52:04,Saving Bank account 1,Salary,,From workplace ,64556,Income,INR
27/02/2018 19:44:34,Credit Card,Household,Kirana,Idli pith 1kg,38,Expense,INR
27/02/2018 13:21:31,Cash,Food,Lunch,5 chapati,30,Expense,INR
26/02/2018 22:48:53,Saving Bank account 1,Food,Milk,1 lit ,73,Expense,INR
26/02/2018 19:32:22,Saving Bank account 1,Household,Toiletries,Mirror repair,140,Expense,INR
26/02/2018 18:25:59,Credit Card,Transportation,Bike,First servicing,443,Expense,INR
26/02/2018 12:41:33,Saving Bank account 1,Food,beverage,chaas,17,Expense,INR
24/02/2018 20:02:05,Saving Bank account 1,Food,Bread,Flatbread 12 pcs,40,Expense,INR
23/02/2018 22:34:02,Cash,Health,Medicine,Refresh Tears Drop,128,Expense,INR
23/02/2018 07:02:54,Saving Bank account 1,Food,Rajgira ladu,1 packet,20,Expense,INR
23/02/2018 06:59:56,Saving Bank account 1,Food,Milk,1 lit ,72,Expense,INR
22/02/2018 23:45:17,Saving Bank account 1,subscription,Tata Sky,Permanent Residence - Tata Play recharge,157,Expense,INR
22/02/2018 20:39:03,Saving Bank account 1,Food,beverage,Limca,20,Expense,INR
22/02/2018 20:38:20,Saving Bank account 1,Food,Onions,onion 1 kg,20,Expense,INR
22/02/2018 19:19:32,Saving Bank account 1,Food,Lunch,Catering Service,192,Expense,INR
22/02/2018,Saving Bank account 1,Life Insurance,,,11043,Transfer-Out,INR
20/02/2018 21:42:59,Saving Bank account 1,Household,Appliances,Kitchen fan + installation+ repair,2600,Expense,INR
19/02/2018 22:15:12,Saving Bank account 1,Petty cash,,From Family,170,Income,INR
19/02/2018 22:15:12,Saving Bank account 1,Beauty,grooming,hair cut+shaving,170,Expense,INR
19/02/2018 09:47:24,Saving Bank account 1,Food,Milk,1 lit ,72,Expense,INR
19/02/2018 09:47:14,Saving Bank account 1,Food,snacks,2 kachori,24,Expense,INR
17/02/2018 23:12:28,Credit Card,Food,Dinner,BBQ,1783,Expense,INR
17/02/2018 23:10:32,Credit Card,Family,clothes,,3598,Expense,INR
17/02/2018 19:27:16,Cash,Transportation,Bike,Mall parking,20,Expense,INR
17/02/2018 19:26:45,Cash,Food,Lunch,5 chapati,30,Expense,INR
16/02/2018 08:44:18,Saving Bank account 1,Food,snacks,banana chips,45,Expense,INR
16/02/2018 08:41:51,Saving Bank account 1,Food,Biscuits,Khari packet,45,Expense,INR
16/02/2018 08:41:33,Saving Bank account 1,Food,Milk,1 lit ,72,Expense,INR
15/02/2018 19:48:20,Saving Bank account 1,Food,Ice cream,chocobar,35,Expense,INR
15/02/2018 19:47:54,Saving Bank account 1,Food,Grocery,Half kg tomato + methi 1 judi,30,Expense,INR
15/02/2018 19:46:43,Credit Card,Household,Kirana,Supermart,117,Expense,INR
14/02/2018 19:12:16,Saving Bank account 1,Food,snacks,1 chicken shawarma,60,Expense,INR
13/02/2018 20:24:24,Credit Card,Food,Potato,potato 1kg,25,Expense,INR
13/02/2018 20:23:23,Saving Bank account 1,Food,Bread,Bread,35,Expense,INR
13/02/2018 20:22:43,Saving Bank account 1,Food,Grocery,Amul cheese,72,Expense,INR
13/02/2018 06:58:06,Saving Bank account 1,Food,Milk,1 lit ,72,Expense,INR
13/02/2018,Saving Bank account 1,Small Cap fund 2,,,5000,Transfer-Out,INR
13/02/2018,Saving Bank account 1,Small cap fund 1,,,5000,Transfer-Out,INR
12/2/2018,Saving Bank account 1,Food,Eggs,6 eggs,36,Expense,INR
12/2/2018,Saving Bank account 1,Food,curd,3 packets,30,Expense,INR
12/2/2018,Cash,Food,flour mill,M D sure 3kg atta,162,Expense,INR
11/2/2018,Cash,Transportation,auto,2 Place 0 to Current Residence,30,Expense,INR
11/2/2018,Cash,Food,Dinner,pav Bhaji,235,Expense,INR
11/2/2018,Cash,Food,snacks,Vadapav,15,Expense,INR
11/2/2018,Cash,Transportation,Train,Place 0 to Place 3 returns,40,Expense,INR
11/2/2018,Cash,Transportation,auto,Current Residence to Place 0,15,Expense,INR
10/2/2018,Saving Bank account 1,Share Market,,,4825,Transfer-Out,INR
10/2/2018,Saving Bank account 1,Food,Milk,1 lit ,69,Expense,INR
9/2/2018,Saving Bank account 1,Apparel,Laundry,clothes ironing,98,Expense,INR
8/2/2018,Saving Bank account 1,Food,snacks,Shev Puri,35,Expense,INR
8/2/2018,Saving Bank account 1,Food,Onions,onion 1 kg,25,Expense,INR
8/2/2018,Saving Bank account 1,Food,Milk,1 lit ,69,Expense,INR
7/2/2018,Saving Bank account 1,Equity Mutual Fund E,,,1000,Transfer-Out,INR
6/2/2018,Credit Card,Culture,Movie,2 PVR Place 6,312,Expense,INR
5/2/2018,Cash,Family,Pocket money,,500,Expense,INR
5/2/2018,Saving Bank account 1,Food,Grocery,Raw chicken half kg,220,Expense,INR
5/2/2018,Saving Bank account 1,Food,Biscuits,Khari packet,45,Expense,INR
5/2/2018,Saving Bank account 1,Food,Milk,1 packet,69,Expense,INR
4/2/2018,Credit Card,Food,Dinner,Domino's Pizza,452,Expense,INR
4/2/2018,Saving Bank account 1,Food,Lunch,Catering Service,50,Expense,INR
4/2/2018,Saving Bank account 1,Food,Milk,Half lit  milk,35,Expense,INR
3/2/2018,Saving Bank account 1,Food,Ice cream,chocobar,10,Expense,INR
3/2/2018,Credit Card,Transportation,Travels,Place 2 to Place 1 - Shree Sharma Travels,945,Expense,INR
3/2/2018,Cash,Gpay Reward,,,6,Income,INR
2/2/2018,Saving Bank account 1,Food,Lunch,Catering Service,82,Expense,INR
2/2/2018,Saving Bank account 1,Share Market,,,2836,Transfer-Out,INR
2/2/2018,Saving Bank account 1,Gpay Reward,,,6,Income,INR
2/2/2018,Cash,Family,Pocket money,,170,Expense,INR
1/2/2018,Saving Bank account 1,Food,fruits,8 bananas,30,Expense,INR
1/2/2018,Saving Bank account 1,Food,vegetables,Half kg tomato,15,Expense,INR
1/2/2018,Saving Bank account 1,Share Market,,,50000,Transfer-Out,INR
1/2/2018,Saving Bank account 1,Public Provident Fund,,,10000,Transfer-Out,INR
1/2/2018,Equity Mutual Fund B,Saving Bank account 1,,,2000,Transfer-Out,INR
1/2/2018,Cash,maid,,,2000,Expense,INR
1/2/2018,Saving Bank account 1,Money transfer,Home,,10000,Expense,INR
31/01/2018 22:00:22,Cash,Food,Dinner,At restaurant,320,Expense,INR
31/01/2018 20:01:53,Saving Bank account 1,Transportation,Bike,Parking sticker,50,Expense,INR
31/01/2018 08:21:09,Saving Bank account 1,Salary,,From workplace ,64636,Income,INR
31/01/2018 07:31:34,Saving Bank account 1,Food,Milk,1 lit ,69,Expense,INR
30/01/2018 21:05:31,Saving Bank account 1,Household,Kitchen,Matchbox packet 10pcs,10,Expense,INR
30/01/2018 21:05:19,Saving Bank account 1,Food,Grocery,Dahi 2 packets,20,Expense,INR
30/01/2018 15:31:24,Saving Bank account 1,Share Market,,,10000,Transfer-Out,INR
30/01/2018 08:47:37,Cash,Family,Pocket money,,100,Expense,INR
29/01/2018 07:50:07,Saving Bank account 1,Food,Biscuits,Khari packet,45,Expense,INR
29/01/2018 07:49:51,Saving Bank account 1,Food,Eggs,6 eggs,42,Expense,INR
29/01/2018 07:49:22,Saving Bank account 1,Food,Milk,1 lit ,69,Expense,INR
28/01/2018 19:26:02,Saving Bank account 1,Food,snacks,2 kachori,24,Expense,INR
28/01/2018 19:24:01,Credit Card,Household,Kirana,Smart point,976.9,Expense,INR
28/01/2018 19:16:31,Credit Card,Household,Kirana,Supermart,764,Expense,INR
27/01/2018 18:15:53,Saving Bank account 1,Transportation,Bike,Two Wheeler Bikedelux third installment,43000,Expense,INR
27/01/2018 09:57:14,Saving Bank account 1,Share Market,,,30000,Transfer-Out,INR
26/01/2018 14:11:01,Cash,Transportation,auto,Place 0 to Current Residence,15,Expense,INR
26/01/2018 12:38:42,Cash,Transportation,Train,Place 0 to Place 4 return,20,Expense,INR
26/01/2018 12:37:47,Credit Card,Apparel,Clothing,Pyjama (999)+ carry bag (10),1009,Expense,INR
26/01/2018 10:06:07,Saving Bank account 1,Food,Rajgira ladu,1 packet,20,Expense,INR
26/01/2018 10:05:55,Saving Bank account 1,Food,Milk,1 lit ,69,Expense,INR
26/01/2018 10:03:44,Cash,Food,Potato,potato 1kg,25,Expense,INR
26/01/2018 10:03:28,Cash,Household,Kirana,Idli pith 1kg,38,Expense,INR
25/01/2018 13:24:57,Cash,Food,Lunch,Catering Service,70,Expense,INR
24/01/2018 16:33:41,Share Market Trading,Saving Bank account 1,,,97.14,Transfer-Out,INR
24/01/2018 09:51:12,Cash,Food,Milk,Half lit  milk,35,Expense,INR
23/01/2018 21:28:59,Credit Card,Household,Kirana,Smart point,273,Expense,INR
22/01/2018 19:05:26,Saving Bank account 1,Food,flour mill,2 kg Bajari,14,Expense,INR
22/01/2018 12:08:08,Cash,Food,flour mill,M D sure 3kg atta,162,Expense,INR
22/01/2018 10:25:23,Saving Bank account 1,Health,Medicine,Cough-sills 4 pcs + sinarest 3 pcs,30,Expense,INR
22/01/2018 10:25:11,Saving Bank account 1,Food,Milk,1 lit ,69,Expense,INR
